url,email,country,keyword,city,type
http://www.familyfirstenviro.com,-,United States,mold removal New York,New York,organic
http://www.servprolowereastsidemanhattan.com,dion@servpro9563.com,United States,mold removal New York,New York,organic
http://www.moldauthority.com,info@moldauthority.com,United States,mold removal New York,New York,organic
http://www.expertmoldinspection.com,-,United States,mold removal New York,New York,organic
http://www.waterdamagerestorationlongislandny.com,info@waterdamagerestorationlongislandny.com,United States,mold removal New York,New York,organic
http://www.moldtestcompany.com,staff@moldtestcompany.com,United States,mold removal New York,New York,organic
http://www.themoldpro.com,brad@themoldpro.com,United States,mold removal New York,New York,organic
https://www.servprolongbeachoceanside.com/,-,United States,mold removal New York,New York,map
https://www.doctormoldremoval.com/,-,United States,mold removal New York,New York,map
http://www.prestoemergencyrepair.com,contact@prestorepair.com,United States,mold removal Los Angeles,Los Angeles,organic
http://www.svmbyc2c.com,info@svmbyc2crestoration.com,United States,mold removal Los Angeles,Los Angeles,organic
http://www.gogreenrestorationinc.com,info@gogreenrestorationinc.com,United States,mold removal Los Angeles,Los Angeles,organic
http://www.pyramidrestoration.com,-,United States,mold removal Los Angeles,Los Angeles,organic
http://www.mold-advisor.com,-,United States,mold removal Los Angeles,Los Angeles,organic
http://www.watkinsenviro.com,info@watkinsenviro.com,United States,mold removal Los Angeles,Los Angeles,organic
http://www.watkinsenviro.com,Info@WatkinsEnviro.com,United States,mold removal Los Angeles,Los Angeles,organic
http://www.svmbyc2c.com/,info@svmbyc2crestoration.com,United States,mold removal Los Angeles,Los Angeles,map
https://www.moldzerollc.com/?utm_source=GMBlisting&utm_medium=organic,-,United States,mold removal Los Angeles,Los Angeles,map
http://www.abaterestoration.com,-,United States,mold removal Chicago,Chicago,organic
http://www.servicemaster-dcs.com,-,United States,mold removal Chicago,Chicago,organic
http://www.servicemasterpros.com,info@servicemasterpros.com,United States,mold removal Chicago,Chicago,organic
http://www.servicemasterpros.com,anofal@servicemasterpros.com,United States,mold removal Chicago,Chicago,organic
http://www.mold-advisor.com,-,United States,mold removal Chicago,Chicago,organic
http://www.illinoismolderadicator.com,-,United States,mold removal Chicago,Chicago,organic
http://www.cottongds.com,info@cottoninternational.com,United States,mold removal Houston,Houston,organic
http://www.cottongds.com,info@cottonteam.com,United States,mold removal Houston,Houston,organic
http://www.go1priority.com,info@go1priority.com,United States,mold removal Houston,Houston,organic
http://www.aqtestingservices.com,info@aqtestingservices.com,United States,mold removal Houston,Houston,organic
http://www.bioonehoustonnorth.com,-,United States,mold removal Houston,Houston,organic
http://www.drymore.com,info@drymore.com,United States,mold removal Houston,Houston,organic
http://www.twomaidshouston.com,Houston@ineedamaid.com,United States,mold removal Houston,Houston,organic
http://www.mold-advisor.com,-,United States,mold removal Houston,Houston,organic
http://www.moldtestcompany.com,staff@moldtestcompany.com,United States,mold removal Phoenix,Phoenix,organic
http://www.moldinspectioninstitute.com,-,United States,mold removal Phoenix,Phoenix,organic
https://www.executivecarpetservices.com/,-,United States,mold removal Phoenix,Phoenix,map
http://www.longislandbesttreeservice.com,-,United States,tree removal New York,New York,organic
http://www.owenstrees.com,-,United States,tree removal New York,New York,organic
http://www.paulbunyontree.com,paulbunyontree@hotmail.com,United States,tree removal New York,New York,organic
http://www.jensonbrothers.com,example@email.com,United States,tree removal New York,New York,organic
http://www.northeasttreeandexcavating.com,excavating@gmail.com,United States,tree removal New York,New York,organic
http://www.ztreeexperts.com,-,United States,tree removal New York,New York,organic
http://www.ralphstreeservices.com,-,United States,tree removal Los Angeles,Los Angeles,organic
http://www.achortico.com,achortico@aol.com,United States,tree removal Los Angeles,Los Angeles,organic
http://www.achortico.com,renecastillo@achortico.com,United States,tree removal Los Angeles,Los Angeles,organic
http://www.gomezlandscapeandtreecare.com,-,United States,tree removal Los Angeles,Los Angeles,organic
http://www.nictreeservices.com,wixofday@wix.com,United States,tree removal Chicago,Chicago,organic
http://www.nictreeservices.com,878nic@gmail.com,United States,tree removal Chicago,Chicago,organic
http://www.hitchandholdfast.com,info@hitchandholdfast.com,United States,tree removal Chicago,Chicago,organic
http://www.mostreeservice.com,-,United States,tree removal Chicago,Chicago,organic
http://www.precisetreecare.com,customerservice@precisetreecare.com,United States,tree removal Chicago,Chicago,organic
http://www.treeservice-cypresstx.com,st@stickstreeservice.com,United States,tree removal Houston,Houston,organic
http://www.treeservice-cypresstx.com,info@stickstreeservice.com,United States,tree removal Houston,Houston,organic
http://www.garciaprofessionaltreeservice.com,info@GarciaProfessionalTreeService.com,United States,tree removal Houston,Houston,organic
http://www.garciaprofessionaltreeservice.com,info@garciaprofessionaltreeservice.com,United States,tree removal Houston,Houston,organic
http://www.garciaprofessionaltreeservice.com,angieslist@angieslist.com,United States,tree removal Houston,Houston,organic
http://www.arbortrue.com,888arborist@gmail.com,United States,tree removal Houston,Houston,organic
http://www.rftreeservice.com,eben@eyebytes.com,United States,tree removal Houston,Houston,organic
http://www.cypresstreeserviceinc.com,Saul@gmail.com,United States,tree removal Houston,Houston,organic
http://www.twilighttreeandlandscape.com,tonykerley@yahoo.com,United States,tree removal Phoenix,Phoenix,organic
http://www.jasonstreeservices.com,-,United States,tree removal Phoenix,Phoenix,organic
http://www.jensonbrothers.com,example@email.com,United States,tree removal Phoenix,Phoenix,organic
http://www.heartwoodtreeaz.com,heartwoodtreeaz@gmail.com,United States,tree removal Phoenix,Phoenix,organic
http://www.progressive.com,-,United States,car insurance New York,New York,organic
http://www.coverfox.com,hrd@coverfoxmail.com,United States,car insurance New York,New York,organic
http://www.coverfox.com,help@coverfox.com,United States,car insurance New York,New York,organic
http://www.coverfox.com,sagar@coverfox.com,United States,car insurance New York,New York,organic
http://www.coverfox.com,ramitha@coverfox.com,United States,car insurance New York,New York,organic
http://www.coverfox.com,jack@coverfox.com,United States,car insurance New York,New York,organic
http://www.sfglife.com,-,United States,car insurance New York,New York,organic
http://www.alphadrct.com/,service@alphadrct.com,United States,car insurance New York,New York,map
http://www.progressive.com,-,United States,car insurance Los Angeles,Los Angeles,organic
http://www.official-insurance.com,-,United States,car insurance Los Angeles,Los Angeles,organic
http://www.localinsurancecoverage.com,-,United States,car insurance Los Angeles,Los Angeles,organic
http://www.coverfox.com,hrd@coverfoxmail.com,United States,car insurance Los Angeles,Los Angeles,organic
http://www.coverfox.com,help@coverfox.com,United States,car insurance Los Angeles,Los Angeles,organic
http://www.coverfox.com,sagar@coverfox.com,United States,car insurance Los Angeles,Los Angeles,organic
http://www.coverfox.com,ramitha@coverfox.com,United States,car insurance Los Angeles,Los Angeles,organic
http://www.coverfox.com,jack@coverfox.com,United States,car insurance Los Angeles,Los Angeles,organic
http://www.obamacare-plans.com,-,United States,car insurance Los Angeles,Los Angeles,organic
http://www.localdirectoryguide.com,-,United States,car insurance Los Angeles,Los Angeles,organic
https://www.goudyhonda.com/,miked@goudyhonda.com,United States,car insurance Los Angeles,Los Angeles,map
https://www.goudyhonda.com/,MikeD@GoudyHonda.com,United States,car insurance Los Angeles,Los Angeles,map
http://www.pro-electric.co,-,United States,electrician New York,New York,organic
http://www.k10electric.com,tyson@k10electric.com,United States,electrician New York,New York,organic
http://www.k10electric.com,Tyson@k10electric.com,United States,electrician New York,New York,organic
http://www.flowstateelectricny.com,-,United States,electrician New York,New York,organic
http://www.newyorkcityelectricans.com,nycelec10@gmail.com,United States,electrician New York,New York,organic
http://www.jbadiselectric.com,-,United States,electrician New York,New York,organic
http://www.pacificgoldelectric.com,-,United States,electrician Los Angeles,Los Angeles,organic
http://www.allinone.la,info@allinone.la,United States,electrician Los Angeles,Los Angeles,organic
http://www.bnkelectric.net,info@bnkelectric.net,United States,electrician Los Angeles,Los Angeles,organic
http://www.mcknightelectric.com,amkryukov@gmail.com,United States,electrician Los Angeles,Los Angeles,organic
http://www.mcknightelectric.com,info@mcknightelectric.com,United States,electrician Los Angeles,Los Angeles,organic
http://www.mcknightelectric.com,agustinamingote@gmail.com,United States,electrician Los Angeles,Los Angeles,organic
http://www.stonesriverelectric.com,-,United States,electrician Los Angeles,Los Angeles,organic
http://www.mcknightelectric.com/,amkryukov@gmail.com,United States,electrician Los Angeles,Los Angeles,map
http://www.mcknightelectric.com/,info@mcknightelectric.com,United States,electrician Los Angeles,Los Angeles,map
http://www.mcknightelectric.com/,agustinamingote@gmail.com,United States,electrician Los Angeles,Los Angeles,map
